store_name,igive_url,donation_rate
1 Stop Florists,https://www.iGive.com/1stopflorists,2.8%
1-800 CONTACTS,https://www.iGive.com/1800contacts,5.6%
1-800-Baskets.com,https://www.iGive.com/1800baskets,2.4%
1-800-FLOWERS.COM,https://www.iGive.com/1-800-flowers,2.0%
1-800-GOT-JUNK?,https://www.iGive.com/1-800-Got-Junk,1.2%
1-800-PetMeds,https://www.iGive.com/1-800-petmeds,3.2%
123-reg,https://www.iGive.com/123-reg,2.0%
123inkjets,https://www.iGive.com/123-inkjets,2.0%
180 Nutrition,https://www.iGive.com/180nutrition,2.8%
1Password,https://www.iGive.com/1password,Special Rate
2Modern,https://www.iGive.com/2modern,2.0%
2nd & Charles,https://www.iGive.com/2ndandcharles,3.2%
2XU,https://www.iGive.com/2xu,3.2%
4 Wheel Drive,https://www.iGive.com/4-wheel-drive,1.6%
5 Star Nutrition,https://www.iGive.com/5starnutrition,4.0%
686,https://www.iGive.com/686,3.2%
7 For All Mankind,https://www.iGive.com/7-for-all-mankind,1.6%
A Pea in the Pod,https://www.iGive.com/apeainthepod,0.8%
A Pup Above,https://www.iGive.com/apupabove,2.8%
AAA - Auto Club,https://www.iGive.com/mwg.aaa,4.0%
ABBYY,https://www.iGive.com/abbyy,12.0%
ABCmouse.com,https://www.iGive.com/ABC-mouse,Special Rate
AbeBooks.co.uk,https://www.iGive.com/abebooks-uk,2.0%
AbeBooks.com,https://www.iGive.com/abebooks,0.8%
Abt Electronics,https://www.iGive.com/abt,0.4%
Academy Sports & Outdoors,https://www.iGive.com/academy,0.8%
Ace Hardware,https://www.iGive.com/ace,1.6%
Adagio Teas,https://www.iGive.com/adagio,2.0%
Adam & Eve,https://www.iGive.com/adam-and-eve,2.0%
AdGem,https://www.iGive.com/adgem,Special Rate
Adorama,https://www.iGive.com/adorama,0.8%
Adore Me,https://www.iGive.com/adore-me,4.0%
Adrianna Papell,https://www.iGive.com/adrianna-papell,1.2%
Advance Auto Parts,https://www.iGive.com/Advance-Auto-Parts,1.6%
Adventure Academy,https://www.iGive.com/adventure-academy,Special Rate
Aerie,https://www.iGive.com/ae,0.4%
Aeroflow Healthcare,https://www.iGive.com/aeroflow,3.2%
Aeropostale,https://www.iGive.com/aeropostale,1.6%
AG Jeans Outlet,https://www.iGive.com/AG-Jeans-Outlet,3.2%
Agoda,https://www.iGive.com/agoda,2.4%
AHAVA,https://www.iGive.com/ahava,1.2%
Air Filters Delivered,https://www.iGive.com/air-filters-delivered,0.4%
Airport Parking,https://www.iGive.com/airport-parking,8.0%
Airport Parking Reservations,https://www.iGive.com/airport-parking-reservations,Special Rate
Airvape,https://www.iGive.com/airvape,6.0%
AJ Madison,https://www.iGive.com/ajmadison,1.2%
Alala,https://www.iGive.com/alala,2.8%
Alamo Rent a Car,https://www.iGive.com/alamo,1.6%
ALDO,https://www.iGive.com/aldo,2.4%
Alen Purifies,https://www.iGive.com/alen-corp,0.8%
Alex and Ani,https://www.iGive.com/alex-and-ani,3.2%
Alibaba,https://www.iGive.com/alibaba,1.6%
Alibris,https://www.iGive.com/alibris,2.0%
Alibris UK,https://www.iGive.com/alibris-uk,2.0%
AliExpress,https://www.iGive.com/aliexpres,0.6%
ALL - Accor Live Limitless,https://www.iGive.com/accor-hotels,0.8%
ALLDATAdiy,https://www.iGive.com/all-data-diy,10.0%
Allen Edmonds Men's Shoe Store,https://www.iGive.com/allen-edmonds,1.6%
AllPosters.com,https://www.iGive.com/allposters,2.0%
Allsole,https://www.iGive.com/allsole,2.4%
Allurez,https://www.iGive.com/allurez,3.2%
Alpha Omega Publications,https://www.iGive.com/alpha-omega-publications,2.4%
Alphamarts,https://www.iGive.com/alphamarts,2.8%
AlternaScript,https://www.iGive.com/alternascript,Special Rate
Amanda Lindroth,https://www.iGive.com/amanda-lindroth,4.0%
Amanda Wakeley,https://www.iGive.com/amandawakeley,2.4%
Amazfit,https://www.iGive.com/amazfit,1.6%
Amazing Clubs,https://www.iGive.com/amazing-clubs,1.2%
American Blinds,https://www.iGive.com/american-blinds,0.8%
American Family Safety,https://www.iGive.com/american-family,6.0%
AMIclubwear,https://www.iGive.com/amiclubwear,2.4%
Amore Beds,https://www.iGive.com/amorebeds,0.8%
AMOREPACIFIC,https://www.iGive.com/amore-pacific,1.2%
Amrita Aromatherapy,https://www.iGive.com/amrita,4.0%
Amscope,https://www.iGive.com/amscope,1.6%
Anantara Resorts,https://www.iGive.com/anantara,2.0%
Ancestry.com,https://www.iGive.com/ancestry,3.2%
AnchorFree Hotspot Shield Elite VPN,https://www.iGive.com/AnchorFree-Hotspot-Shield-Elite-VPN,4.0%
Anjay's Designs,https://www.iGive.com/anjays-designs,1.6%
Anker,https://www.iGive.com/anker,3.2%
Aquasana,https://www.iGive.com/aquasana,4.0%
AreYouGame.com,https://www.iGive.com/are-you-game,2.8%
Arteza,https://www.iGive.com/arteza,2.0%
ArtistWorks,https://www.iGive.com/artist-works,4.0%
Ascend Hotels,https://www.iGive.com/choicehotels,0.8%
Ashley Furniture HomeStore,https://www.iGive.com/ashley-furniture,0.4%
ASICS,https://www.iGive.com/asics,1.2%
Assouline,https://www.iGive.com/assouline,0.4%
Astound,https://www.iGive.com/residential.wavebroadband,Special Rate
At Your Pace Online,https://www.iGive.com/at-your-pace,6.0%
AT&T Internet Service Providers,https://www.iGive.com/att,Special Rate
Athleta,https://www.iGive.com/athleta,1.6%
Athleta Canada,https://www.iGive.com/athleta-ca,1.6%
AutoNation Repair Service,https://www.iGive.com/repairsmith,Special Rate
Avanse Nutraceuticals,https://www.iGive.com/avanse,8.0%
Aveda,https://www.iGive.com/aveda,0.4%
AVG Technologies,https://www.iGive.com/avg,12.0%
Avon,https://www.iGive.com/avon,0.4%
Avoya Travel,https://www.iGive.com/avoya,1.2%
Baby Quasar,https://www.iGive.com/babyquasar,2.0%
Back in the Saddle,https://www.iGive.com/back-in-the-saddle,2.0%
Backcountry.com,https://www.iGive.com/backcountry,1.6%
BagAmour Box,https://www.iGive.com/bagamour,6.0%
Baggallini,https://www.iGive.com/Baggalini,0.4%
Bahia Principe Hotels & Resorts,https://www.iGive.com/bahia-principe,2.0%
Bake Me a Wish,https://www.iGive.com/bake-me-a-wish,4.0%
Baked by Melissa,https://www.iGive.com/baked-by-melissa,2.4%
Balance of Nature,https://www.iGive.com/balance-of-nature,1.6%
BALI,https://www.iGive.com/bali,0.4%
Banana Republic,https://www.iGive.com/banana-republic,1.6%
Banana Republic Canada,https://www.iGive.com/banana-republic-canada,1.6%
Banana Republic Factory,https://www.iGive.com/banana-republic-factory,1.6%
Banggood,https://www.iGive.com/banggood,2.4%
BannerBuzz,https://www.iGive.com/bannerbuzz,4.0%
BannerBuzz Canada,https://www.iGive.com/bannerbuz,4.0%
Barcelo Hotels & Resorts,https://www.iGive.com/barcelo,2.4%
Bare Necessities,https://www.iGive.com/bare-necessities,1.2%
BarkBox,https://www.iGive.com/bark-box,Special Rate
BaseballMonkey,https://www.iGive.com/baseballmonkey,0.8%
Basepaws,https://www.iGive.com/basepaws,4.0%
Bass Pro Shops,https://www.iGive.com/bass-pro-shops,2.4%
Bates Footwear,https://www.iGive.com/bates,2.8%
Be Live Hotels,https://www.iGive.com/be-live-hotels,1.8%
bealls (formerly Burkes Outlet),https://www.iGive.com/bealls,2.0%
Beats by Dre,https://www.iGive.com/beats-by-dre,0.8%
Beauty Encounter,https://www.iGive.com/beauty-encounter,2.4%
Beauty Plus Salon,https://www.iGive.com/beauty-plus-salon,2.8%
bebe,https://www.iGive.com/bebe,1.2%
Because Market,https://www.iGive.com/Because-Market,6.0%
Bed Bath & Beyond,https://www.iGive.com/bedbathandbeyond,0.8%
Beddingstyle.com,https://www.iGive.com/bedding-style,3.2%
Beer Drop,https://www.iGive.com/beer-drop,2.0%
Beldt Labs,https://www.iGive.com/beldt,14.0%
Belkin,https://www.iGive.com/belkin,2.4%
BELLA+CANVAS,https://www.iGive.com/bella-canvas,4.0%
Bellesa Boutique,https://www.iGive.com/bboutiqu,2.0%
BelleZeke,https://www.iGive.com/belle-zeke,0.8%
Belly Sleep,https://www.iGive.com/belly-sleep,2.4%
Benefit Cosmetics,https://www.iGive.com/benefit-cosmetics,1.6%
Bergdorf Goodman,https://www.iGive.com/bergdorf-goodman,1.2%
Best Bully Sticks,https://www.iGive.com/bestbullysticks,1.2%
Best Cigar Prices,https://www.iGive.com/best-cigar-prices,1.6%
Best Western,https://www.iGive.com/bestwestern,1.2%
BestBuy.com,https://www.iGive.com/best-buy,0.2%
Betsey Johnson,https://www.iGive.com/betsey-johnson,1.2%
Better Braces,https://www.iGive.com/betterbraces,1.6%
Beyond Polish,https://www.iGive.com/beyondpolish,0.8%
BFR Bands Store,https://www.iGive.com/BFR-Bands,4.0%
Big Island Coffee Roasters,https://www.iGive.com/Big-Island,0.4%
Bijoux Indiscrets,https://www.iGive.com/bijoux,4.0%
Binxy Baby,https://www.iGive.com/binxy-baby,2.8%
Bionaire,https://www.iGive.com/bionaire,2.4%
Biotherm,https://www.iGive.com/biotherm,2.4%
Biotherm Canada,https://www.iGive.com/biother,2.4%
Birthday in a Box,https://www.iGive.com/birthday-in-a-box,1.2%
Bissell,https://www.iGive.com/bissell,2.0%
BizChair,https://www.iGive.com/biz-chair,1.2%
Black Halo,https://www.iGive.com/black-halo,3.2%
Blick Art Materials,https://www.iGive.com/blick-art-materials,1.2%
Blinds.ca,https://www.iGive.com/blind,0.8%
Blinds.com,https://www.iGive.com/blinds,0.8%
Blindsaver,https://www.iGive.com/blind-saver,1.2%
Bliss,https://www.iGive.com/bliss,1.2%
Bloch Dance,https://www.iGive.com/bloch-dance,2.0%
Bloomingdale's,https://www.iGive.com/bloomingdales,0.8%
Blue Apron,https://www.iGive.com/blue-apron,6.0%
Blue Sky,https://www.iGive.com/blue-sky,1.6%
Blue Sky CBD,https://www.iGive.com/blue-sky-cbd,6.0%
Blue Sky Vitamin,https://www.iGive.com/blueskyvitamin,1.2%
Bluebird Botanicals,https://www.iGive.com/bluebird-botanicals,2.4%
Bluenotes,https://www.iGive.com/blnts,2.0%
Bluetti,https://www.iGive.com/bluetti,2.0%
Bobbi Brown Cosmetics,https://www.iGive.com/bobbi-brown,3.2%
BODi (formerly Beachbody),https://www.iGive.com/beach-body,1.6%
Bodum,https://www.iGive.com/bodum,4.0%
BodyGuardz,https://www.iGive.com/bodyguardz,1.0%
Bogs Footwear,https://www.iGive.com/bogs-footwear,2.0%
Bombinate,https://www.iGive.com/bombinate,2.8%
Bonafide,https://www.iGive.com/bonafide,4.0%
Bonobos,https://www.iGive.com/bonobos,1.2%
boohoo,https://www.iGive.com/boohoo,1.2%
Book Like a Boss,https://www.iGive.com/book-like-a-boss,14.0%
Booking.com,https://www.iGive.com/booking,1.6%
Booksamillion.com,https://www.iGive.com/books-a-million,1.2%
BoomStreet,https://www.iGive.com/boom-street,6.4%
Boscov's,https://www.iGive.com/boscovs,1.6%
Boston College University Book Store,https://www.iGive.com/bkstr,0.4%
Boston Proper,https://www.iGive.com/boston-proper,0.4%
Botanic Choice Herbs & Vitamins,https://www.iGive.com/botanic-choice,3.2%
BoxLunch,https://www.iGive.com/box-lunch,0.4%
Brain Sensei,https://www.iGive.com/brain-sensei,8.0%
BrainMD Health,https://www.iGive.com/brainmd,6.0%
Bright Local,https://www.iGive.com/brightlocal,6.0%
Brooks Brothers,https://www.iGive.com/brooks-brothers,0.8%
Brother Canada,https://www.iGive.com/brothe,1.6%
Buffalo Jackson,https://www.iGive.com/buffalo-jackson,3.2%
BuffaloJeans.com,https://www.iGive.com/buffalo-jeans,1.6%
Bullstrap,https://www.iGive.com/bullstra,4.0%
Bumble and Bumble,https://www.iGive.com/bumble-and-bumble,2.4%
Burpee Gardening,https://www.iGive.com/burpee,2.0%
BuyWake.com,https://www.iGive.com/buywake,3.6%
Cabela's,https://www.iGive.com/cabelas,0.4%
Caesars Entertainment Atlantic City,https://www.iGive.com/caesars,1.2%
Cafe Britt Gourmet Coffee,https://www.iGive.com/cafe-britt,3.2%
Caire Beauty,https://www.iGive.com/caire-beauty,4.8%
Calendars.com,https://www.iGive.com/calendars,4.0%
Callaway Golf,https://www.iGive.com/callaway-golf,3.6%
Callaway Golf Pre Owned,https://www.iGive.com/callaway-golf-pre-owned,2.4%
Calm by Wellness,https://www.iGive.com/calm-by-wellness,6.0%
Calvin Klein,https://www.iGive.com/calvin-klein,0.8%
Cambria Hotels & Suites,https://www.iGive.com/cambria,0.8%
Cameron's Seafood,https://www.iGive.com/camerons-seafood,0.8%
Cami NYC,https://www.iGive.com/cami-nyc,1.2%
Camp Chef,https://www.iGive.com/camp-chef,2.0%
Camping World,https://www.iGive.com/camping-world,0.8%
CAMPMOR,https://www.iGive.com/campmor,1.0%
Canadian Down & Feather Company,https://www.iGive.com/canadian-down,0.4%
Candlewood Suites,https://www.iGive.com/candlewood-suites,1.6%
Canon eStore,https://www.iGive.com/canon,1.0%
Canon Shop Canada,https://www.iGive.com/canon-estore-canada,1.2%
Canvas HQ,https://www.iGive.com/canvas-hq,4.0%
Canvas On Demand,https://www.iGive.com/canvas-on-demand,3.2%
Canvas Press,https://www.iGive.com/canvas-press,2.8%
Canvaspeople,https://www.iGive.com/canvas-people,3.2%
CanvasWorld,https://www.iGive.com/canvasworld,4.0%
Capitol Lighting,https://www.iGive.com/1800lighting,1.6%
Cardboard Cutout Standees,https://www.iGive.com/cardboard-cutout,1.2%
CardCash,https://www.iGive.com/card-cash,0.8%
Carhartt,https://www.iGive.com/carhartt,0.4%
Carl's Golfland,https://www.iGive.com/carls-golfland,1.6%
Carmel Car & Limo,https://www.iGive.com/carmel-car,3.0%
Carmen Sol,https://www.iGive.com/carmen-sol,2.0%
Carol's Daughter,https://www.iGive.com/carols-daughter,3.2%
Carolina,https://www.iGive.com/Carolina,1.6%
Carter's,https://www.iGive.com/carters,0.8%
Casetify,https://www.iGive.com/casetify,2.0%
Cashmere Boutique,https://www.iGive.com/cashmere-boutique,2.8%
Cat Footwear,https://www.iGive.com/cat-footwear,2.8%
Cats Play,https://www.iGive.com/cats-play,2.4%
Caudalie,https://www.iGive.com/caudalie,0.8%
Caudalie CA,https://www.iGive.com/ca-en.caudalie,1.6%
CBDistillery,https://www.iGive.com/cbdistillery,8.0%
Certified Piedmontese,https://www.iGive.com/piedmontese,6.0%
Chacos,https://www.iGive.com/chaco,3.2%
Chadwicks of Boston,https://www.iGive.com/chadwicks,2.0%
Champion,https://www.iGive.com/champion,3.2%
Chantelle Lingerie,https://www.iGive.com/chantelle,3.2%
Char-Broil,https://www.iGive.com/char-broil,0.4%
Charles Tyrwhitt,https://www.iGive.com/charles-tyrwhitt,0.8%
Charlotte Russe,https://www.iGive.com/charlotterusse,0.8%
cheapOair,https://www.iGive.com/cheapoair,Special Rate
cheapOair Canada,https://www.iGive.com/cheapoai,Special Rate
CheapTickets,https://www.iGive.com/cheap-tickets,0.4%
Checks In The Mail,https://www.iGive.com/checks-in-the-mail,6.4%
CheckWorks,https://www.iGive.com/check-works,10.0%
Cheesecake,https://www.iGive.com/cheesecake,2.0%
Cheryl's,https://www.iGive.com/cheryls,2.4%
Chesapeake Bay Crab Cakes & More,https://www.iGive.com/cbcrabcakes,1.6%
Chess Bazaar,https://www.iGive.com/chess-bazaar,2.0%
Chewy,https://www.iGive.com/chewy,0.4%
Chewy Canada,https://www.iGive.com/https://chewy.co,3.2%
Chicago Steak Company,https://www.iGive.com/chicago-steak-company,3.2%
Chico's,https://www.iGive.com/chicos,1.6%
Chippin,https://www.iGive.com/chippin,8.0%
Chrome Battery,https://www.iGive.com/chrome-battery,4.0%
Chupi,https://www.iGive.com/chupi,4.0%
Circus Circus Reno,https://www.iGive.com/Circus-circus,2.0%
CitizenM,https://www.iGive.com/citizen-m,2.4%
Clark's Botanicals,https://www.iGive.com/clarks-botanicals,10.8%
Clarks,https://www.iGive.com/clarks,1.6%
Clinique Online,https://www.iGive.com/clinique,1.6%
COACH,https://www.iGive.com/coach,0.8%
CocoaVia,https://www.iGive.com/cocoavia,3.2%
Cocoon by Sealy,https://www.iGive.com/Cocoon-by-Sealy,2.8%
Coffee.org,https://www.iGive.com/coffee,2.4%
Cole Haan,https://www.iGive.com/colehaan,0.8%
Colorful Images,https://www.iGive.com/colorful-images,1.2%
Columbia Sportswear,https://www.iGive.com/columbia,2.0%
Concealment Express,https://www.iGive.com/concealment-express,3.0%
Conn's HomePlus,https://www.iGive.com/conns,1.6%
Conrad,https://www.iGive.com/conrad-hotels,0.4%
Contiki,https://www.iGive.com/contiki,2.0%
Contorno Belts,https://www.iGive.com/contorno-belts,12.0%
Cookies by Design,https://www.iGive.com/cookies-by-design,2.0%
Cooper's Cask Coffee,https://www.iGive.com/coopers-cask-coffee,4.0%
Corel Software,https://www.iGive.com/corel-software,4.0%
Cos Bar,https://www.iGive.com/cos-bar,0.8%
COSMEDIX,https://www.iGive.com/cosmedix,3.2%
Cotopaxi,https://www.iGive.com/cotopaxi,2.4%
Country Inns & Suites By Radisson,https://www.iGive.com/country-inns,2.4%
Country Store Catalog,https://www.iGive.com/countrystorecatalog,2.0%
Covers and All,https://www.iGive.com/covers-and-all,0.4%
Cricut,https://www.iGive.com/cricut,1.6%
Crocs Canada,https://www.iGive.com/croc,3.2%
Crocs.com,https://www.iGive.com/crocs,1.6%
Crowne Plaza,https://www.iGive.com/crowne-plaza,1.6%
CruiseDirect,https://www.iGive.com/cruise-direct,1.2%
Crutchfield.com,https://www.iGive.com/crutchfield,2.2%
Crystal Plus,https://www.iGive.com/crystal-plus,3.2%
Cub Cadet,https://www.iGive.com/cub-cadet,1.6%
Cupshe,https://www.iGive.com/cupshe,0.8%
Current Catalog,https://www.iGive.com/current-catalog,1.2%
Cutter & Buck,https://www.iGive.com/cutter-buck,2.0%
CVS.com,https://www.iGive.com/cvs,0.8%
CyberLink,https://www.iGive.com/cyberlink,0.4%
Cylance,https://www.iGive.com/cylance,12.0%
D'Artagnan,https://www.iGive.com/dartagnan,0.4%
Daily Sale,https://www.iGive.com/daily-sale,2.0%
Dailygreatness,https://www.iGive.com/dailygreatnes,4.0%
DailySteals,https://www.iGive.com/daily-steals,1.2%
Dana Rebecca Designs,https://www.iGive.com/dana-rebecca,0.8%
Darn Tough,https://www.iGive.com/darn-tough,0.3%
Darphin Paris,https://www.iGive.com/darphin,2.4%
David's Cookies,https://www.iGive.com/davids-cookies,2.4%
DAVIDsTEA,https://www.iGive.com/davidstea,0.8%
DC Shoes,https://www.iGive.com/dc-shoes,1.2%
Dearfoams,https://www.iGive.com/dearfoams,0.4%
DeBragga,https://www.iGive.com/debragga,1.2%
Decadent Minimalist,https://www.iGive.com/decadent-minimalist,4.0%
DeepDiscount.com,https://www.iGive.com/deep-discount,1.6%
Dell Home & Home Office,https://www.iGive.com/deals.dell,1.6%
Dell Refurbished Computers,https://www.iGive.com/dell-refurbished,2.0%
Dell Technologies,https://www.iGive.com/dell,1.6%
Demdaco,https://www.iGive.com/demdaco,2.0%
Denby Pottery,https://www.iGive.com/denby,1.2%
Derma E,https://www.iGive.com/derma-e,2.0%
Dermalogica,https://www.iGive.com/dermalogica,2.0%
Design By Humans,https://www.iGive.com/design-by-humans,1.2%
Design Furnishings,https://www.iGive.com/design-furnishings,2.0%
Design It Yourself Gift Baskets,https://www.iGive.com/design-it-yourself,4.0%
Designer Optics,https://www.iGive.com/designer-optics,3.2%
Designtly.com,https://www.iGive.com/designtly,2.0%
DestinationXL,https://www.iGive.com/destination-xl,0.8%
Detox Organics,https://www.iGive.com/detox-organics,4.0%
DHgate,https://www.iGive.com/dhgate,0.8%
Di Bruno Bros.,https://www.iGive.com/di-bruno-bros,2.0%
Diane von Furstenberg,https://www.iGive.com/dvf,2.4%
Dick's Sporting Goods,https://www.iGive.com/dicks-sporting,0.8%
Diesel US,https://www.iGive.com/diesel,2.0%
Diet Direct,https://www.iGive.com/diet-direct,2.4%
Dinnerly,https://www.iGive.com/dinnerly,Special Rate
DIRECTV,https://www.iGive.com/directv,Special Rate
Discount School Supply,https://www.iGive.com/discount-school-supply,0.8%
DiscountContactLenses,https://www.iGive.com/discount-contact-lenses,0.4%
DiscountFilterStore.com,https://www.iGive.com/discount-filter-store,1.2%
DiscountMags.com,https://www.iGive.com/discount-mags,2.0%
DiscountMugs,https://www.iGive.com/discount-mugs,1.2%
Disney Movie Club,https://www.iGive.com/disney-movie-club,Special Rate
Disney Store,https://www.iGive.com/disney-store,0.8%
Dollar Tree,https://www.iGive.com/dollartree,1.6%
DollarDays,https://www.iGive.com/dollar-days,1.2%
Dooney & Bourke,https://www.iGive.com/dooney,2.0%
Dr. Brandt Skincare,https://www.iGive.com/dr-brandt-skincare,0.8%
Dr. Fuhrman,https://www.iGive.com/dr-fuhrman,4.0%
Dr. Kellyann,https://www.iGive.com/dr-kellyann,6.0%
Dr. Scholl's Shoes,https://www.iGive.com/dr-scholls-shoes,4.8%
Draper's & Damon's,https://www.iGive.com/drapers,0.4%
Driftaway Coffee,https://www.iGive.com/driftaway-coffee,1.6%
DTLR,https://www.iGive.com/dtlr,1.2%
Duradry,https://www.iGive.com/duradry,2.0%
Durango Boots,https://www.iGive.com/durango-boots,4.0%
Dusit Hotels & Resorts + ASAI Hotels,https://www.iGive.com/dusit,1.6%
DX,https://www.iGive.com/dx,2.0%
Dylan's Candy Bar,https://www.iGive.com/dylans-candy-bar,2.4%
e.l.f. (Eyes Lips Face),https://www.iGive.com/elf,2.8%
Eagle Creek,https://www.iGive.com/eaglecreek,4.8%
Eastern Mountain Sports,https://www.iGive.com/eastern-mountain-sports,2.0%
Easy Spirit,https://www.iGive.com/easy-spirit,0.8%
EasyGarage,https://www.iGive.com/easygarage,0.8%
Eatwith,https://www.iGive.com/eatwith,2.0%
eCampus,https://www.iGive.com/ecampus,2.0%
Ecosa,https://www.iGive.com/ecosa,0.8%
Ecowise Wellnes,https://www.iGive.com/ecowisevitamins,10.0%
Eddie Bauer,https://www.iGive.com/Eddie-Bauer,1.6%
Edureka,https://www.iGive.com/edurek,6.0%
edX,https://www.iGive.com/edX,3.2%
Effy Jewelry,https://www.iGive.com/effyjewelry,1.2%
Ego Home,https://www.iGive.com/egohome,4.0%
eharmony,https://www.iGive.com/eharmony,16.0%
Eileen Fisher,https://www.iGive.com/eileen-fisher,1.6%
ejuice.deals,https://www.iGive.com/ejuice,2.0%
Ekrin Athletics,https://www.iGive.com/Ekrin,4.0%
Electrical Wholesalers,https://www.iGive.com/electrical-wholesalers,1.6%
ELEMIS,https://www.iGive.com/elemis,1.6%
Elixinol,https://www.iGive.com/elixinol,1.2%
Elizabeth Arden,https://www.iGive.com/elizabetharden,2.8%
ELOQUII,https://www.iGive.com/eloquii,1.6%
eManual Online,https://www.iGive.com/emanual,6.0%
Embark Vet,https://www.iGive.com/embark,4.0%
Embassy Suites,https://www.iGive.com/embassy-suites,0.4%
Emedco,https://www.iGive.com/emedco,4.0%
Emjay,https://www.iGive.com/emjay,2.4%
EnergyFirst,https://www.iGive.com/energyfirst,0.4%
Enjoy Flowers,https://www.iGive.com/enjoy-flowers,Special Rate
Enterprise Rent-A-Car,https://www.iGive.com/enterprise,0.8%
Entertainment Books,https://www.iGive.com/entertainment,11.2%
Entertainment Earth,https://www.iGive.com/entertainment-earth,2.0%
Entirely Pets,https://www.iGive.com/entirely-pets,2.4%
Epson,https://www.iGive.com/epson,0.8%
ePumps,https://www.iGive.com/epumps,1.2%
Equestrian Collections,https://www.iGive.com/equestrian-collections,2.8%
Erno Laszlo,https://www.iGive.com/erno-laszlo,3.2%
ESET,https://www.iGive.com/store.eset,8.0%
eSmartTax,https://www.iGive.com/esmart-tax,2.0%
EssayEdge,https://www.iGive.com/essay-edge,2.0%
Estee Lauder,https://www.iGive.com/estee-lauder,1.6%
Esurance,https://www.iGive.com/esurance,Special Rate
Ethel M Chocolate,https://www.iGive.com/ethel-m,1.2%
Ettika,https://www.iGive.com/ettika,2.4%
Ettitude,https://www.iGive.com/ettitude,1.6%
Eufy,https://www.iGive.com/eufy,2.8%
Europcar,https://www.iGive.com/europcar,2.8%
Even Hotels,https://www.iGive.com/even-hotels,1.6%
EveryPlate,https://www.iGive.com/everyplate,Special Rate
Expedia.ca,https://www.iGive.com/expedi,0.8%
Expedia.com,https://www.iGive.com/expedia,0.8%
Extended Stay America,https://www.iGive.com/extended-stay,1.2%
Eyeconic,https://www.iGive.com/eyeconic,1.2%
Eyeglasses.com,https://www.iGive.com/eyeglasses,2.4%
EZ Lifestyle,https://www.iGive.com/ez-lifestyle,12.0%
Fabletics,https://www.iGive.com/fabletics,Special Rate
Fairmont Hotels & Resorts,https://www.iGive.com/fairmont,2.0%
Fairway Golf,https://www.iGive.com/fairway-golf,2.4%
Famous Footwear,https://www.iGive.com/famous-footwear,0.4%
Fanatics,https://www.iGive.com/fanatics,0.8%
Fancy Sprinkles,https://www.iGive.com/fancysprinkles,2.0%
Fare Buzz,https://www.iGive.com/fare-buzz,Special Rate
FARFETCH,https://www.iGive.com/farfetch,1.6%
Farmhouse Fresh,https://www.iGive.com/farmhouse-fresh,4.0%
Fathead,https://www.iGive.com/Fathead,1.2%
Faux Wood Beams,https://www.iGive.com/faux-wood-beams,1.2%
FauxPanels,https://www.iGive.com/fauxpanels,1.2%
FaxitFast,https://www.iGive.com/fax-it-fast,Special Rate
Faxon,https://www.iGive.com/faxon,2.8%
FedEx Office,https://www.iGive.com/Fedex-office,1.2%
Felt Paper Scissors,https://www.iGive.com/felt-paper-scissors,2.0%
Fiber Cables Direct,https://www.iGive.com/fcd,2.4%
Fidelity Denim,https://www.iGive.com/fidelity-denim,4.0%
FiltersFast,https://www.iGive.com/filters-fast,0.4%
Findmypast,https://www.iGive.com/find-my-past,4.0%
FineJewelers,https://www.iGive.com/finejewelers,2.0%
FineStationery,https://www.iGive.com/fine-stationery,1.2%
Finish Line,https://www.iGive.com/finish-line,2.0%
Finish Line - Student Exclusive,https://www.iGive.com/studentbeans,Special Rate
Fishwest,https://www.iGive.com/fishwest,3.2%
FitFlop,https://www.iGive.com/fit-flop,4.0%
Fiverr,https://www.iGive.com/fiverr,Special Rate
Fleet Feet,https://www.iGive.com/fleet-feet,0.4%
Florsheim,https://www.iGive.com/florsheim,0.8%
Florsheim Canada,https://www.iGive.com/florsheim-canada,2.0%
Flower Shopping,https://www.iGive.com/flower-shopping,0.4%
Flowers Fast,https://www.iGive.com/flowers-fast,8.0%
Fluz,https://www.iGive.com/fluz,Special Rate
Flyby,https://www.iGive.com/flyb,4.0%
Flying Noodle,https://www.iGive.com/flying-noodle,1.2%
Food Lion,https://www.iGive.com/food-lion,Special Rate
Footlocker.com,https://www.iGive.com/footlocker,1.6%
Forbes & Lewis,https://www.iGive.com/forbes-lewis,4.0%
FOREO,https://www.iGive.com/foreo,1.4%
Fotolia,https://www.iGive.com/fotolia,Special Rate
FragranceNet,https://www.iGive.com/fragrance,0.4%
FragranceX,https://www.iGive.com/Fragrance-X,2.0%
Framebridge,https://www.iGive.com/framebridge,1.6%
FramesDirect.com,https://www.iGive.com/frames-direct,0.8%
francesca's,https://www.iGive.com/francescas,1.6%
Franco Sarto,https://www.iGive.com/franco-sarto,1.2%
FranklinPlanner,https://www.iGive.com/franklinplanner,2.4%
Fred Meyer Jewelers,https://www.iGive.com/fred-meyer-jewelers,6.0%
Free Logo Services,https://www.iGive.com/free-logo-services,6.0%
French Connection,https://www.iGive.com/french-connection,2.0%
French Toast,https://www.iGive.com/french-toast,2.0%
From You Flowers,https://www.iGive.com/from-you-flowers,6.0%
Fruit Bouquets by 1800Flowers.com,https://www.iGive.com/fruit-bouquets,2.4%
FTD,https://www.iGive.com/ftd,2.0%
FUL,https://www.iGive.com/ful,0.4%
Furbo Dog Camera,https://www.iGive.com/furbo,4.0%
Fuse Lenses,https://www.iGive.com/fuse-lenses,1.2%
Fyt,https://www.iGive.com/find-your-trainer,Special Rate
Gaby's Bags,https://www.iGive.com/gabys-bags,2.0%
Gaffos,https://www.iGive.com/gaffos,2.0%
Gainful,https://www.iGive.com/gainful,2.4%
Gallery Direct,https://www.iGive.com/gallery-direct,2.0%
GameFly,https://www.iGive.com/game-fly,2.0%
GamersGate.com,https://www.iGive.com/gamers-gate,2.0%
Gap Canada,https://www.iGive.com/Gap-Canada,1.6%
Gap Factory,https://www.iGive.com/gap-factory,1.6%
Gap.com,https://www.iGive.com/gap,1.6%
Gardyn,https://www.iGive.com/gardyn,1.6%
GDF Studio,https://www.iGive.com/gdf-studio,2.0%
Geekbuying,https://www.iGive.com/geekbuying,2.4%
GelPro,https://www.iGive.com/gelpro,2.0%
Gem-Water,https://www.iGive.com/gem-water,4.0%
Genuine Factory Parts,https://www.iGive.com/mtd-parts,1.6%
Georgia Boot,https://www.iGive.com/georgia-boot,4.0%
German Food Box,https://www.iGive.com/german-food-box,Special Rate
German Slippers,https://www.iGive.com/german-slippers,4.0%
GetSmarter,https://www.iGive.com/get-smarter,1.6%
Getz's,https://www.iGive.com/getzs,3.2%
Giant Food,https://www.iGive.com/giantfood,Special Rate
GiftCards,https://www.iGive.com/gift-cards,0.4%
GiftsForYouNow,https://www.iGive.com/gifts-for-you-now,5.2%
Gigi New York,https://www.iGive.com/gigi-ny,3.6%
Gilt,https://www.iGive.com/gilt,1.2%
Gilt City,https://www.iGive.com/gilt-city,1.2%
GlassesShop,https://www.iGive.com/GlassesShop,4.8%
GlassesUSA,https://www.iGive.com/glasses-usa,1.0%
GlobeIn,https://www.iGive.com/globein,8.0%
Glow Recipe,https://www.iGive.com/glow-recipe,2.8%
GNC,https://www.iGive.com/gnc,0.4%
Go City,https://www.iGive.com/gocity,1.2%
Go Daddy,https://www.iGive.com/go-daddy,2.0%
Goal Zero,https://www.iGive.com/goal-zero,2.0%
GoalieMonkey,https://www.iGive.com/goaliemonkey,0.8%
Godiva Chocolatier,https://www.iGive.com/godiva,0.4%
Gold Medal Wine Club,https://www.iGive.com/gold-medal-wine-club,4.0%
Good Sam Roadside Assistance,https://www.iGive.com/good-sam-roadside,0.8%
Good Vibrations,https://www.iGive.com/good-vibrations,4.0%
Goop,https://www.iGive.com/goop,1.6%
GoSkills,https://www.iGive.com/goskills,4.0%
GotPrint,https://www.iGive.com/gotprint,Special Rate
Gourmesso,https://www.iGive.com/gourmesso,4.0%
GourmetGiftBaskets.com,https://www.iGive.com/gourmet-gift-baskets,2.0%
GPC Smart,https://www.iGive.com/gpc,4.0%
Grailed,https://www.iGive.com/grailed,0.4%
Grande Cosmetics,https://www.iGive.com/grande-cosmetics,2.0%
Grassland Beef,https://www.iGive.com/grassland-beef,1.2%
GreaterGood Stores,https://www.iGive.com/greatergood,0.8%
Green Chef,https://www.iGive.com/chef.greenchef,Special Rate
Green Man Gaming,https://www.iGive.com/green-man-gaming,0.8%
GreenPan,https://www.iGive.com/greenpa,1.2%
Groundlink,https://www.iGive.com/groundlink,0.4%
Groupon,https://www.iGive.com/groupon,0.4%
Grove Collaborative,https://www.iGive.com/grov,2.0%
Grow Gorgeous,https://www.iGive.com/grow-gorgeous,2.4%
Gthic.com,https://www.iGive.com/gthic,4.8%
GUESS.com,https://www.iGive.com/shop.guess,1.6%
Guild Wars 2,https://www.iGive.com/buy.guildwars2,4.0%
H&R Block,https://www.iGive.com/hr-block,0.4%
H10 Hotels,https://www.iGive.com/H10 Hotels,1.6%
Haggar,https://www.iGive.com/haggar,2.0%
Hallelujah Diet,https://www.iGive.com/hallelujah-diet,6.0%
Hamilton Beach,https://www.iGive.com/hamilton-beach,2.4%
Hampden Clothing,https://www.iGive.com/hampden,2.4%
Handy,https://www.iGive.com/handy,Special Rate
Hanes,https://www.iGive.com/hanes,0.4%
Hansen Surfboards,https://www.iGive.com/hansen-surfboards,2.4%
Happsy,https://www.iGive.com/happsy,3.2%
Harry & David,https://www.iGive.com/harryanddavid,0.8%
Harry's,https://www.iGive.com/harrys,0.4%
Hartmann,https://www.iGive.com/hartmann,2.0%
Harvey Nichols,https://www.iGive.com/harvey-nichols,0.8%
Hatley,https://www.iGive.com/hatley,1.6%
Hawaii Coffee Company,https://www.iGive.com/hawaii-coffee,4.0%
HBX,https://www.iGive.com/hbx,1.2%
HDIS,https://www.iGive.com/hdis,4.0%
"Health, Fitness and Longevity",https://www.iGive.com/4hfl,6.0%
Health-Ade,https://www.iGive.com/health-ade,2.0%
Health-o-Meter,https://www.iGive.com/health o meter,3.2%
Health-o-Meter Nuyu,https://www.iGive.com/health o meter-nuyu,3.2%
HealthyBaby,https://www.iGive.com/healthybaby,1.6%
HearthSong,https://www.iGive.com/hearth-song,2.0%
Heartland Veterinary Supply,https://www.iGive.com/heartland-vet-supply,2.4%
Heist,https://www.iGive.com/heist,2.8%
HelloMolly,https://www.iGive.com/hello-molly,1.2%
Helmm,https://www.iGive.com/helmm,4.0%
Hemp Bombs,https://www.iGive.com/hemp-bombs,4.0%
Henry's,https://www.iGive.com/henrys,0.4%
HerRoom,https://www.iGive.com/herroom,1.6%
Herschel Supply Company,https://www.iGive.com/herschel,1.6%
Hertz,https://www.iGive.com/hertz,1.2%
Heshi,https://www.iGive.com/heshi,6.4%
Hickory Farms,https://www.iGive.com/hickory-farms,2.0%
Hidden 24,https://www.iGive.com/hidden24,Special Rate
Highlights For Children,https://www.iGive.com/highlights-catalog,1.6%
Hipstik Legwear,https://www.iGive.com/hipstik,4.4%
HisRoom,https://www.iGive.com/his-room,1.6%
HobbyTron,https://www.iGive.com/hobbytron,4.8%
HockeyMonkey,https://www.iGive.com/hockeymonkey,0.8%
Holabird Sports,https://www.iGive.com/holabird-sports,2.0%
Holiday Inn,https://www.iGive.com/holiday-inn,1.6%
Holiday Inn Express,https://www.iGive.com/hiexpress,1.6%
Holmes,https://www.iGive.com/Holmes,2.4%
Home Chef,https://www.iGive.com/homechef,Special Rate
Home Depot,https://www.iGive.com/homedepot,0.4%
Homesick Candles,https://www.iGive.com/homesick,2.4%
Horizon Fitness,https://www.iGive.com/horizon-fitness,2.0%
Horse.com,https://www.iGive.com/horse,1.6%
HorseLoverZ,https://www.iGive.com/HorseLoverZ,2.8%
HostPapa,https://www.iGive.com/hostpapa,6.0%
Hot Shot's Secret,https://www.iGive.com/hot-shots-secret,3.2%
Hot Topic,https://www.iGive.com/hot-topic,0.4%
Hotel Indigo,https://www.iGive.com/hotel-indigo,1.6%
Hotelogical,https://www.iGive.com/awin.hotelogical,1.2%
Hotelopia,https://www.iGive.com/hotelopia,2.0%
Hotels.com,https://www.iGive.com/Hotels,0.8%
Hover,https://www.iGive.com/hover,10.0%
HQhair,https://www.iGive.com/hqhair,2.0%
HRdirect,https://www.iGive.com/hrdirect,6.0%
HSN,https://www.iGive.com/hsn,3.2%
Hue,https://www.iGive.com/hue,0.4%
Hydrow,https://www.iGive.com/hydrow,1.2%
I Saw It First,https://www.iGive.com/isawitfirst,0.4%
i-Blason,https://www.iGive.com/i-blason,3.2%
IBEROSTAR USA,https://www.iGive.com/iberostar,2.8%
IBSformula,https://www.iGive.com/ibs-formula,6.0%
iCheapFlight,https://www.iGive.com/icheap-flight,Special Rate
IDENTILOCK,https://www.iGive.com/getidentilock,4.0%
iHerb,https://www.iGive.com/iherb,2.0%
IHG Hotels & Resorts,https://www.iGive.com/ihg,1.6%
Illy Cafe,https://www.iGive.com/illy,1.6%
ILoveDooney,https://www.iGive.com/i-love-dooney,1.6%
Impromptu Gourmet,https://www.iGive.com/impromptu-gourmet,1.6%
InkCartridges,https://www.iGive.com/ink-cartridges,6.4%
Inkopious,https://www.iGive.com/inkopious,4.0%
Insight Vacations,https://www.iGive.com/insight-vacations,2.0%
Instacart,https://www.iGive.com/instacart,Special Rate
Intechra Health,https://www.iGive.com/intechra-health,8.0%
Intego Mac Software,https://www.iGive.com/intego,20.0%
International Wine of the Month Club,https://www.iGive.com/International-Wine-of-the-Month-Club,Special Rate
Intimina,https://www.iGive.com/intimina,4.0%
Investintech,https://www.iGive.com/investintech,12.0%
Invigorated Water,https://www.iGive.com/invigorated-water,6.0%
iolo technologies,https://www.iGive.com/iolo,24.0%
iRobot,https://www.iGive.com/irobot,0.8%
ISA Professional,https://www.iGive.com/isa-professional,4.0%
Isle Casino Hotel Waterloo,https://www.iGive.com/isle-waterloo,2.0%
Isotonix,https://www.iGive.com/isotonix,2.0%
IWED Global,https://www.iGive.com/iwed,Special Rate
IWOOT,https://www.iGive.com/iwantoneofthose,0.4%
J&P Cycles,https://www.iGive.com/jp-cycles,0.8%
J. Crew Factory,https://www.iGive.com/factory.jcrew,1.2%
Jachs NY,https://www.iGive.com/jachs-ny,2.4%
Jack Rogers,https://www.iGive.com/jackrogers,2.0%
JacksonGalaxy.com,https://www.iGive.com/jackson-galaxy,3.2%
jAlbum,https://www.iGive.com/jalbum,4.0%
JanSport,https://www.iGive.com/jansport,0.8%
Jayson Home,https://www.iGive.com/jayson-home,2.4%
JCPenney,https://www.iGive.com/jcpenney,1.2%
JCWhitney,https://www.iGive.com/JC-Whitney,0.4%
JellyBuddy,https://www.iGive.com/jelly-buddy,0.8%
JerkFit,https://www.iGive.com/jerkfit,2.0%
Jetson,https://www.iGive.com/jetson,2.0%
Jewlr,https://www.iGive.com/jewlr,0.8%
JINsoon,https://www.iGive.com/jinsoon,1.6%
Jo Malone London,https://www.iGive.com/jo-malone,2.4%
Job Ready Programmer,https://www.iGive.com/job-ready,4.0%
JOE'S,https://www.iGive.com/joesjeans,2.0%
Joe's New Balance Outlet,https://www.iGive.com/joes-new-balance-outlet,0.8%
John Hardy Jewelry,https://www.iGive.com/john-hardy-jewelry,1.2%
Johnston & Murphy,https://www.iGive.com/johnston-murphy,2.8%
JosABank.com,https://www.iGive.com/jos-a-bank,1.2%
Journeys,https://www.iGive.com/journeys,2.4%
JTV Jewelry Television,https://www.iGive.com/jewelrytelevision,0.4%
JUARA Skincare,https://www.iGive.com/juara,4.0%
Jumpsport,https://www.iGive.com/jumpsport,0.8%
JunoActive,https://www.iGive.com/junoactive,1.2%
Just Blinds,https://www.iGive.com/just-blinds,0.8%
Just CBD,https://www.iGive.com/justcbd,7.2%
JustAnswer,https://www.iGive.com/just-answer,Special Rate
Justice,https://www.iGive.com/justice,2.0%
Kaplan MD,https://www.iGive.com/kaplan-md,4.0%
Kaplan Test Prep,https://www.iGive.com/kaplan,1.2%
Karl's Bait and Tackle,https://www.iGive.com/karls,Special Rate
Karmaloop,https://www.iGive.com/karmaloop,2.4%
Karuna,https://www.iGive.com/karuna,4.0%
Kat Von D Beauty,https://www.iGive.com/kat-von-d-beauty,2.4%
Kay Jewelers,https://www.iGive.com/kay,0.8%
Keds,https://www.iGive.com/keds,3.2%
Keeper Security,https://www.iGive.com/keeper-security,4.0%
Kenneth Cole,https://www.iGive.com/kenneth-cole,6.8%
Kerastase,https://www.iGive.com/kerastase-usa,2.4%
Kerastase Canada,https://www.iGive.com/kerastas,2.4%
Keto Cycle,https://www.iGive.com/keto-cycle,Special Rate
Keurig,https://www.iGive.com/keurig,1.6%
kidpik,https://www.iGive.com/kidpik,4.0%
Kids Foot Locker,https://www.iGive.com/kids-foot-locker,1.6%
KidsShoes by plae,https://www.iGive.com/kidsshoes,0.4%
Kiehl's,https://www.iGive.com/kiehls,3.2%
Kindred Bravely,https://www.iGive.com/kindred-bravely,0.4%
Kingsbottle,https://www.iGive.com/kingsbottle,2.0%
KitchenAid Major Appliances,https://www.iGive.com/kitchenaid,0.8%
KiwiCo,https://www.iGive.com/Kiwi-Crate,4.0%
Kiyonna Clothing,https://www.iGive.com/kiyonna,3.2%
Knights Inn,https://www.iGive.com/knights-inn,1.2%
Knose,https://www.iGive.com/knose,4.0%
Kohl's,https://www.iGive.com/kohls,1.2%
Koi Footwear,https://www.iGive.com/koi-footwear,0.4%
Kole Imports,https://www.iGive.com/kole-imports,1.2%
Kooding,https://www.iGive.com/kooding,2.8%
Kora,https://www.iGive.com/kora,2.4%
Korres,https://www.iGive.com/korres,2.0%
Kremp Florist,https://www.iGive.com/kremp,1.4%
Kuhl,https://www.iGive.com/kuhl,2.4%
Kut from the Kloth,https://www.iGive.com/kut,3.2%
Kwiat,https://www.iGive.com/kwiat,2.0%
L'Occitane,https://www.iGive.com/loccitane,1.0%
L.L. Bean,https://www.iGive.com/ll-bean,1.2%
La Roche Posay,https://www.iGive.com/la-roche-posay,3.2%
La Senza,https://www.iGive.com/la-senza,2.8%
Lab Series,https://www.iGive.com/lab-series,3.2%
Lacrosse Monkey,https://www.iGive.com/lacrosse-monkey,0.8%
Lancer,https://www.iGive.com/lancer,0.8%
Lands' End,https://www.iGive.com/landsend,1.6%
Lands' End Outfitters,https://www.iGive.com/business.landsend,3.2%
LaneBryant.com,https://www.iGive.com/lane-bryant,0.8%
Lattelier Store,https://www.iGive.com/lattelier,4.0%
Lauren Moshi,https://www.iGive.com/lauren-moshi,1.2%
Layla,https://www.iGive.com/layla,2.0%
LazyOne,https://www.iGive.com/lazyone,3.2%
Le Creuset,https://www.iGive.com/le-creuset,1.6%
Lebua Hotels & Resorts,https://www.iGive.com/lebua,2.0%
LED Equipped,https://www.iGive.com/led-equipped,2.8%
LegalZoom,https://www.iGive.com/legalzoom,2.0%
Legion Athletics,https://www.iGive.com/legion,2.4%
LELO,https://www.iGive.com/lelo,0.4%
Lenovo (Canada),https://www.iGive.com/lenovo-CA,1.2%
Lenovo US,https://www.iGive.com/lenovo,0.8%
Lensabl,https://www.iGive.com/lensabl,4.0%
LensPure,https://www.iGive.com/lens-pure,3.2%
Leonisa,https://www.iGive.com/leonisa,1.6%
Lepulse,https://www.iGive.com/lepulse,6.0%
Les Nereides,https://www.iGive.com/les-nereides,4.0%
Levenger,https://www.iGive.com/levenger,2.4%
Levi's,https://www.iGive.com/levi,0.8%
Lids.ca,https://www.iGive.com/lid,0.8%
Lids.com,https://www.iGive.com/lids,0.8%
Life Clothing Co.,https://www.iGive.com/life-clothing,8.0%
Life is Good,https://www.iGive.com/life-is-good,3.2%
Life Line Screening,https://www.iGive.com/life-line,Special Rate
LifeStride,https://www.iGive.com/lifestride,1.2%
LightInTheBox,https://www.iGive.com/Light-In-The-Box,3.2%
Lillian Vernon,https://www.iGive.com/lillian-vernon,1.2%
Lilly Pulitzer,https://www.iGive.com/lilly-pulitzer,0.4%
LILYSILK,https://www.iGive.com/lilysilk,3.2%
Lindt Chocolates,https://www.iGive.com/lindt,1.6%
LinensBargains,https://www.iGive.com/linens-bargains,3.2%
Link Interactive,https://www.iGive.com/link-interactive,Special Rate
Little Tikes,https://www.iGive.com/littletikes,1.4%
Little Words Project,https://www.iGive.com/little-words,2.0%
LittleMissMatched,https://www.iGive.com/littlemissmatched,4.0%
Living DNA,https://www.iGive.com/living-dna,2.8%
LOL Jerky,https://www.iGive.com/lol-jerky,6.4%
LOLShirts,https://www.iGive.com/LOL-shirts,2.0%
LOOK OPTIC,https://www.iGive.com/look-optic,1.6%
Lookfantastic,https://www.iGive.com/lookfantastic,0.4%
Looking4Parking,https://www.iGive.com/looking-4-parking,2.0%
Lorex Technology,https://www.iGive.com/Lorex-Technology,0.8%
Lovedbaby,https://www.iGive.com/lovedbaby,2.0%
Lovehoney,https://www.iGive.com/lovehoney,1.6%
LovelyWholesale,https://www.iGive.com/lovelywholesale,3.2%
Lucky Brand,https://www.iGive.com/lucky-brand,1.6%
Lucky Orange,https://www.iGive.com/lucky-orange,20.0%
Lugz,https://www.iGive.com/lugz,1.6%
Lula's Garden,https://www.iGive.com/lulas-garden,4.0%
Lumens,https://www.iGive.com/lumens,2.4%
Lumin,https://www.iGive.com/lumin,2.4%
Luvme Hair,https://www.iGive.com/luvme,2.0%
LuxeDH,https://www.iGive.com/luxe-dh,0.8%
Luxor Linens,https://www.iGive.com/luxor-linens,4.0%
Mackenzie Limited,https://www.iGive.com/mackenzie-limited,1.6%
MacPaw,https://www.iGive.com/mac-paw,20.0%
Macy's,https://www.iGive.com/Macy's,1.2%
Made By Hemp,https://www.iGive.com/made-by-hemp,6.0%
Madewell,https://www.iGive.com/madewell,0.6%
Magazine.co.uk,https://www.iGive.com/magazine-uk,Special Rate
Magazines.com,https://www.iGive.com/magazines,4.0%
Magellan's Travel Supplies,https://www.iGive.com/magellans,2.0%
MagicKitchen.com,https://www.iGive.com/magic-kitchen,4.0%
Magoosh,https://www.iGive.com/toefl.magoosh,3.2%
Maidenform,https://www.iGive.com/maidenform,0.4%
MAKANAI Japanese Pure Beauty,https://www.iGive.com/Makanai,6.0%
Mally Beauty,https://www.iGive.com/mally,3.2%
Manitoba Harvest,https://www.iGive.com/manitoba,2.4%
Mankind,https://www.iGive.com/Mankind,1.2%
Manuka Doctor,https://www.iGive.com/manuka-doctor,3.2%
Maps.com Shop,https://www.iGive.com/maps,4.0%
Marc Jacobs,https://www.iGive.com/marc-jacobs,0.4%
Marcelle,https://www.iGive.com/marcelle,2.4%
Margaritaville Cargo,https://www.iGive.com/margaritavillecargo,2.4%
Marika,https://www.iGive.com/marika,1.6%
Marimekko,https://www.iGive.com/marimekko,3.2%
Marks & Spencer,https://www.iGive.com/marks-and-spencer,0.8%
Mars Med Supply,https://www.iGive.com/mars-med,4.0%
Master of Project Academy,https://www.iGive.com/master-project,6.0%
Matisse Footwear,https://www.iGive.com/matisse,3.2%
Matt & Nat,https://www.iGive.com/matt-and-nat,1.6%
Mattress Firm,https://www.iGive.com/mattress-firm,2.0%
Mavi Jeans,https://www.iGive.com/mavi,1.6%
MaXpeedingrods,https://www.iGive.com/maxpeedingrods,4.0%
McAfee,https://www.iGive.com/home.mcafee,14.0%
MCM World Wide,https://www.iGive.com/MCM-World-Wide,0.8%
Mead,https://www.iGive.com/mead,2.2%
MEL Science,https://www.iGive.com/MEL-science,Special Rate
Melinda Maria Designs,https://www.iGive.com/melinda-maria,3.2%
Melissa and Doug,https://www.iGive.com/melissa-and-doug,2.4%
MELT Method,https://www.iGive.com/melt-method,4.0%
Men's Wearhouse,https://www.iGive.com/mens-wearhouse,1.2%
Michael Kors,https://www.iGive.com/michael-kors,0.8%
Michael Stars,https://www.iGive.com/michael-stars,2.0%
"Michaels Stores, Inc.",https://www.iGive.com/michaels,2.0%
Michele,https://www.iGive.com/michele,0.4%
Microbrewed Beer of the Month Club,https://www.iGive.com/beermonthclub,Special Rate
Microsoft Store Canada,https://www.iGive.com/microsoft,0.4%
Mighty Leaf Tea,https://www.iGive.com/mighty-leaf-tea,1.6%
MightyCall,https://www.iGive.com/mightycall,Special Rate
Mignon Faget,https://www.iGive.com/mignon-faget,0.4%
Mikasa.com,https://www.iGive.com/mikasa,2.4%
Miles Kimball,https://www.iGive.com/miles-kimball,2.4%
Millennium & Copthorne Hotels,https://www.iGive.com/millenniumcopthorne-hotels,1.2%
Mint Mobile,https://www.iGive.com/mint-mobile,Special Rate
Mio Skincare,https://www.iGive.com/Mio-Skincare,2.4%
Miracle Noodle,https://www.iGive.com/miracle-noodle,4.0%
Miraclesuit,https://www.iGive.com/miraclesuit,0.8%
Mission Farms CBD,https://www.iGive.com/mission-farms,6.0%
Mixbook,https://www.iGive.com/mixbook,2.4%
MLBshop,https://www.iGive.com/shop.mlb,0.8%
Modell's,https://www.iGive.com/modells,2.0%
Modern Bathroom,https://www.iGive.com/modern-bathroom,2.4%
Molton Brown,https://www.iGive.com/molton-brown,2.4%
Monica Vinader,https://www.iGive.com/monica-vinader,1.6%
Monoprice,https://www.iGive.com/monoprice,0.8%
Monthly Clubs,https://www.iGive.com/Monthly-Clubs,Special Rate
Montway Auto Transport,https://www.iGive.com/montway,Special Rate
MOO,https://www.iGive.com/moo,0.8%
Moonbow by Dubslabs,https://www.iGive.com/dubslabs,0.4%
Morris 4x4 Center,https://www.iGive.com/morris-center,1.6%
Mosaic Weighted Blankets,https://www.iGive.com/mosaic,3.6%
Motherhood Maternity,https://www.iGive.com/motherhood,0.8%
Motiv,https://www.iGive.com/motiv,3.6%
Motives Cosmetics,https://www.iGive.com/motives-cosmetics,2.0%
Mountain Warehouse,https://www.iGive.com/mountain-warehouse,2.0%
Movo Photo,https://www.iGive.com/movo-photo,4.0%
Mr. Peanut's Premium Products,https://www.iGive.com/mr-peanuts,4.0%
MSC Industrial Supply,https://www.iGive.com/msc-industrial,0.8%
Mugler,https://www.iGive.com/mugler,3.2%
MunchPak,https://www.iGive.com/munch-pak,4.0%
Murad Skin Care,https://www.iGive.com/murad,1.6%
Music & Arts,https://www.iGive.com/music-arts,0.4%
Musician's Friend,https://www.iGive.com/musicians-friend,0.4%
My Gift Stop,https://www.iGive.com/my-gift-stop,2.4%
My M&M's,https://www.iGive.com/mandms,2.4%
My Social Book,https://www.iGive.com/my-social-book,2.0%
My Wedding Favors,https://www.iGive.com/my-wedding-favors,4.8%
MyCleanPC,https://www.iGive.com/my-clean-pc,Special Rate
MyDevices,https://www.iGive.com/mydevices,Special Rate
Myprotein,https://www.iGive.com/myprotein,1.6%
MyTeaDrop,https://www.iGive.com/myteadrop,2.0%
Naadam,https://www.iGive.com/naada,1.2%
Naked Wines,https://www.iGive.com/naked-wines,Special Rate
Namecheap,https://www.iGive.com/name-cheap,8.0%
NARS Cosmetics,https://www.iGive.com/nars-cosmetics,1.6%
Nat Nast,https://www.iGive.com/nat-nast,3.2%
National Academy of Sports Medicine,https://www.iGive.com/nasm,4.0%
National Business Furniture,https://www.iGive.com/nationalbusinessfurniture,1.6%
National Car Rental,https://www.iGive.com/national-rental-car,0.8%
Native Pet,https://www.iGive.com/native-pet,2.4%
Natori,https://www.iGive.com/natori,2.4%
Natural Healthy Concepts,https://www.iGive.com/natural-healthy-concepts,2.4%
Naturalizer,https://www.iGive.com/naturalizer,1.2%
Naturalizer Canada,https://www.iGive.com/naturalize,1.2%
Naturepedic,https://www.iGive.com/naturepedic,2.4%
Nautica,https://www.iGive.com/nautica,1.6%
Nautilus,https://www.iGive.com/nautilus,2.0%
Naylors Equestrian,https://www.iGive.com/naylors,2.0%
Nearly Natural,https://www.iGive.com/nearly-natural,2.0%
Nectar Bath Treats,https://www.iGive.com/nectar-bath,2.0%
Nectar Sunglasses,https://www.iGive.com/nectar-sunglasses,3.6%
Neiman Marcus,https://www.iGive.com/neiman-marcus,0.8%
Net10 Wireless,https://www.iGive.com/net10affiliates,2.0%
Neuro,https://www.iGive.com/deal.neurogum,4.0%
New Balance,https://www.iGive.com/new-balance,0.8%
New York Comedy,https://www.iGive.com/newyorkcomedy,2.8%
Newegg,https://www.iGive.com/newegg,0.4%
Newegg Canada,https://www.iGive.com/neweg,0.2%
NeweggBusiness,https://www.iGive.com/neweggbusiness,0.4%
Nextdoor,https://www.iGive.com/nextdoor,Special Rate
NFL+,https://www.iGive.com/nfl,0.8%
NFLShop.com,https://www.iGive.com/NFL-shop,0.8%
Nike.com,https://www.iGive.com/nike,2.4%
Nina Shoes,https://www.iGive.com/nina-shoes,6.0%
Nine West,https://www.iGive.com/nine-west,1.2%
No nonsense,https://www.iGive.com/no-nonsense,4.0%
No7 Beauty,https://www.iGive.com/no7-beauty,2.4%
Nolo,https://www.iGive.com/nolo,10.0%
Nomadik,https://www.iGive.com/nomadik,6.0%
Nordgreen,https://www.iGive.com/nordgreen,4.0%
NordVPN,https://www.iGive.com/nordvpn,16.0%
North American Power,https://www.iGive.com/napower,Special Rate
NorthStyle,https://www.iGive.com/northstyle,2.0%
NortonLifelock,https://www.iGive.com/login.norton,8.0%
NOVICA,https://www.iGive.com/novica,2.4%
Nuleaf Naturals CBD,https://www.iGive.com/nuleaf,4.0%
Nunn Bush,https://www.iGive.com/nunn-bush,2.8%
Nunn Bush Canada,https://www.iGive.com/nunn-bush-canada,2.0%
Nutribullet,https://www.iGive.com/nutribullet,2.4%
Nutricost,https://www.iGive.com/nutricost,4.0%
Nutrisystem,https://www.iGive.com/nutrisystem,Special Rate
Nuuvem,https://www.iGive.com/nuuvem,1.2%
NuWave Oven,https://www.iGive.com/mynuwaveoven,4.0%
NYX Professional Makeup,https://www.iGive.com/nyx,3.2%
O.R.G. Skincare,https://www.iGive.com/org-skincare,8.0%
Oakley,https://www.iGive.com/oakley,2.4%
OCLU,https://www.iGive.com/oclu,4.0%
Ode a la Rose,https://www.iGive.com/ode-a-la-rose,4.0%
Office Depot and OfficeMax,https://www.iGive.com/officedepot,1.2%
Oki Oki,https://www.iGive.com/oki-oki,2.0%
Old Navy,https://www.iGive.com/old-navy,1.6%
Old Navy Canada,https://www.iGive.com/old-navy-canada,1.6%
OleHenriksen,https://www.iGive.com/olehenriksen,1.6%
Olight USA,https://www.iGive.com/olight,4.0%
Omaha Steaks,https://www.iGive.com/omaha-steaks,1.2%
One Hanes Place,https://www.iGive.com/one-hanes-place,0.4%
One Kings Lane,https://www.iGive.com/onekingslane,0.4%
OneBone,https://www.iGive.com/onebone,Special Rate
ONeillClothing.com,https://www.iGive.com/o-neill-clothing,0.8%
OnePlus,https://www.iGive.com/one-plus,1.2%
OneTravel,https://www.iGive.com/one-travel,Special Rate
Online Amish Furniture,https://www.iGive.com/online-amish-furniture,1.6%
Only Natural Pet,https://www.iGive.com/only-natural-pet,0.8%
Onyx Hospitality,https://www.iGive.com/onyx-hospitality,1.2%
Opencare,https://www.iGive.com/opencare,Special Rate
OpinionInn,https://www.iGive.com/opinioninn,Special Rate
Optimum Nutrition,https://www.iGive.com/optimum-nutrition,3.2%
Opulent Organics CBD,https://www.iGive.com/opulent-organics,8.0%
Orbitz,https://www.iGive.com/orbitz,0.8%
Organic Baby Food,https://www.iGive.com/organic-baby-food,4.0%
Oriental Trading,https://www.iGive.com/oriental-trading,1.6%
Orig3n DNA Tests,https://www.iGive.com/orig3n,10.0%
Origins Canada,https://www.iGive.com/origin,2.4%
Origins.com,https://www.iGive.com/origins,0.4%
Oster,https://www.iGive.com/Oster,2.4%
Oster Professional Products,https://www.iGive.com/osterpro,2.4%
OtterBox,https://www.iGive.com/otterbox,2.4%
Ouidad,https://www.iGive.com/ouidad,1.6%
Outdoor Gear Exchange,https://www.iGive.com/gearx,2.4%
Overnight Glasses,https://www.iGive.com/overnight-glasses,Special Rate
Overstock.com,https://www.iGive.com/overstock,0.8%
Overton's,https://www.iGive.com/overtons,0.8%
PacSun,https://www.iGive.com/pacsun,0.4%
PalmBeach Jewelry,https://www.iGive.com/palm-beach,2.8%
Paper Mart,https://www.iGive.com/paper-mart,1.2%
Parachute Home,https://www.iGive.com/parachute-home,1.6%
Parallels,https://www.iGive.com/parallels,6.0%
Paravel,https://www.iGive.com/paravel,3.2%
Paris City Vision,https://www.iGive.com/paris-city-vision,3.2%
ParkSleepFly,https://www.iGive.com/park-sleep-fly,Special Rate
Parts Geek,https://www.iGive.com/parts-geek,2.0%
Patagonia,https://www.iGive.com/patagonia,3.2%
Patagonia Provisions,https://www.iGive.com/patagonia-provisions,3.2%
PatchMD,https://www.iGive.com/PatchMD,3.2%
PatPat,https://www.iGive.com/patpat,2.0%
Patrick Ta Beauty,https://www.iGive.com/patrick-ta,3.2%
Paul Fredrick Menstyle,https://www.iGive.com/menstyle,3.2%
Paula's Choice,https://www.iGive.com/paulas-choice,2.8%
pCloud,https://www.iGive.com/pcloud,0.4%
Pedro Shoes,https://www.iGive.com/pedro-shoes,2.0%
Peet's Coffee,https://www.iGive.com/peets,0.8%
Penningtons,https://www.iGive.com/penningtons,1.6%
PeopleFinders,https://www.iGive.com/people-finders,26.0%
Percival Menswear,https://www.iGive.com/Percival,3.2%
Perfumania,https://www.iGive.com/perfumania,1.6%
Perricone MD,https://www.iGive.com/perricone-md,0.8%
Personalabs,https://www.iGive.com/personalabs,4.0%
Personalization Mall,https://www.iGive.com/personalization-mall,1.2%
Personnel Concepts,https://www.iGive.com/personnel-concepts,4.0%
Pet Supermarket,https://www.iGive.com/pet-supermarket,0.4%
PetCareRx,https://www.iGive.com/pet-care-rx,2.4%
PETCO,https://www.iGive.com/petco,0.8%
Peter Millar,https://www.iGive.com/peter-millar,1.6%
PETER THOMAS ROTH CLINICAL SKIN CARE,https://www.iGive.com/PETER-THOMAS-ROTH-CLINICAL-SKIN-CARE,1.2%
Peterson's Test Prep,https://www.iGive.com/petersons,4.0%
PetFriendly,https://www.iGive.com/petfriendly,2.0%
Petjoy,https://www.iGive.com/petjoy,6.0%
Pfaltzgraff,https://www.iGive.com/pfaltzgraff,2.4%
Philips,https://www.iGive.com/philips,1.6%
philosophy,https://www.iGive.com/philosophy,2.0%
Photobook America,https://www.iGive.com/photobook,4.0%
Photobucket,https://www.iGive.com/photobucket,8.0%
Photography.com,https://www.iGive.com/photography,4.0%
PictureFrames,https://www.iGive.com/pictureframes,0.4%
Pictures On Gold,https://www.iGive.com/pictures-on-gold,2.0%
Pikolinos,https://www.iGive.com/pikolinos,2.4%
Pillow Guy,https://www.iGive.com/pillow-guy,4.0%
Pinty,https://www.iGive.com/pinty,2.4%
Pixie Mood,https://www.iGive.com/pixiemood,4.0%
Play Osmo,https://www.iGive.com/osmo,2.0%
Plow & Hearth,https://www.iGive.com/plow-hearth,2.0%
PopSockets,https://www.iGive.com/popsockets,3.2%
Portions Master,https://www.iGive.com/portions-master,6.0%
prAna,https://www.iGive.com/prana,1.6%
Precious Moments,https://www.iGive.com/precious-moments,4.0%
Premier TEFL,https://www.iGive.com/premier-tefl,4.0%
Prestigia,https://www.iGive.com/prestigia,Special Rate
PrettyLittleThing US,https://www.iGive.com/pretty-little-thing,2.4%
Priceline.com,https://www.iGive.com/priceline,2.0%
Proactiv+,https://www.iGive.com/proactiv,3.2%
ProFlowers,https://www.iGive.com/proflowers,2.0%
Proviz,https://www.iGive.com/proviz,1.2%
ProWritingAid,https://www.iGive.com/prowritingaid,Special Rate
PsPrint,https://www.iGive.com/ps-print,2.0%
Psycho Bunny,https://www.iGive.com/psycho-bunny,2.0%
PUBLIC Bikes,https://www.iGive.com/public-bikes,3.2%
Public Desire,https://www.iGive.com/public-desire,2.4%
PUMA,https://www.iGive.com/us.puma,2.0%
PUR,https://www.iGive.com/pur-cosmetics,3.2%
Pura Vida Bracelets,https://www.iGive.com/pura-vida-bracelets,0.8%
Pure Hemp Botanicals,https://www.iGive.com/purehemp,18.0%
PureVPN,https://www.iGive.com/purevpn,10.0%
Purlisse,https://www.iGive.com/purlisse,4.0%
Purple Carrot,https://www.iGive.com/purple-carrot,Special Rate
Quantum Nutrition Labs,https://www.iGive.com/qnlabs,2.0%
Quest,https://www.iGive.com/quest-health,4.0%
Quest Nutrition,https://www.iGive.com/Quest-Nutrition,4.0%
QuickBooks,https://www.iGive.com/quickbooks,Special Rate
Quill.com,https://www.iGive.com/quill,0.4%
QVC,https://www.iGive.com/qvc,1.2%
Rachel Ashwell Shabby Chic,https://www.iGive.com/rachel-ashwell,2.0%
Radisson Hotels,https://www.iGive.com/radisson,1.6%
Rainbow Light,https://www.iGive.com/rainbow-light,4.0%
Rakuten Kobo,https://www.iGive.com/kobo,0.4%
Rakuten Shopping,https://www.iGive.com/buy,0.4%
Ralph Lauren Fragrances,https://www.iGive.com/ralphlaurenfragrances,0.8%
RawSpiceBar,https://www.iGive.com/rawspicebar,8.4%
Ray-Ban,https://www.iGive.com/ray-ban,2.8%
ReadingIQ,https://www.iGive.com/reading-iq,Special Rate
Rebecca Minkoff,https://www.iGive.com/rebecca-minkoff,1.6%
Recoil Automatic Cord Winders,https://www.iGive.com/recoil-automatic-cord-winders,4.0%
Red Roof,https://www.iGive.com/red-roof-inn,1.2%
Redken,https://www.iGive.com/re,2.8%
Redline Goods,https://www.iGive.com/redline,2.8%
RedShelf,https://www.iGive.com/redshelf,2.0%
Reebok,https://www.iGive.com/reebok,3.2%
Reel Paper,https://www.iGive.com/reel-paper,Special Rate
RefrigiWear,https://www.iGive.com/refrigiwear,3.2%
Refurb.io,https://www.iGive.com/refurb,1.6%
Reitmans,https://www.iGive.com/reitmans,1.6%
Remind Insoles,https://www.iGive.com/remind-insoles,0.4%
Renpho,https://www.iGive.com/renpho,2.0%
RentalCars.com,https://www.iGive.com/rental-cars,1.5%
RentReporters,https://www.iGive.com/rent-reporters,Special Rate
Republic of Durable Goods,https://www.iGive.com/republic-goods,3.2%
Restaurant.com,https://www.iGive.com/restaurant,8.0%
ReStockIt,https://www.iGive.com/restockit,2.0%
Revelry Supply,https://www.iGive.com/revelry-supply,4.8%
ReVive Skincare,https://www.iGive.com/revive,3.2%
Ritani,https://www.iGive.com/ritani,0.8%
Robert Graham,https://www.iGive.com/robert-graham,1.6%
Robert Mondavi Winery,https://www.iGive.com/mondavi-winery,3.2%
Rock Bottom Golf,https://www.iGive.com/rock-bottom-golf,0.8%
Rocket Dog,https://www.iGive.com/rocket-dog,2.0%
Rockport,https://www.iGive.com/rockport,1.6%
Rocky Boots,https://www.iGive.com/rocky-boot,4.0%
Rodd & Gunn,https://www.iGive.com/rodd-and-gunn,2.4%
RollerSkateNation,https://www.iGive.com/roller-skate-nation,3.2%
Roots Canada,https://www.iGive.com/roots,2.0%
Rosetta Stone,https://www.iGive.com/rosetta-stone,2.8%
Rover,https://www.iGive.com/get.rover,Special Rate
Roxio,https://www.iGive.com/roxio,4.0%
Roxy,https://www.iGive.com/roxy,1.2%
Royal & Pure,https://www.iGive.com/royal-pure,12.0%
Royal Doulton,https://www.iGive.com/royal-doulton,2.4%
Roztayger,https://www.iGive.com/roztayger,2.8%
Rue La La,https://www.iGive.com/rue-la-la,1.2%
Ruggable,https://www.iGive.com/ruggable,1.6%
Runderwear,https://www.iGive.com/runderwear,2.0%
RVshare,https://www.iGive.com/rvshare,1.6%
RW&CO.,https://www.iGive.com/rw-co,0.8%
Ryderwear,https://www.iGive.com/ryderwear,2.4%
Ryka,https://www.iGive.com/ryka,1.2%
S&S Worldwide,https://www.iGive.com/ss-worldwide,1.6%
Saatchi Art,https://www.iGive.com/saatchi-art,1.6%
Saber Distributors (US),https://www.iGive.com/saber-distributors,4.0%
Sabon,https://www.iGive.com/sabon,1.6%
Sage UK,https://www.iGive.com/sage,2.0%
SageFinds,https://www.iGive.com/sage-finds,4.0%
Saint Owen,https://www.iGive.com/saint-owen,8.0%
Sally Beauty Supply,https://www.iGive.com/Sally,2.4%
Saltwater Fish,https://www.iGive.com/saltwater-fish,2.0%
Samsonite,https://www.iGive.com/samsonite,2.0%
Sand & Sky,https://www.iGive.com/sand-and-sky,0.8%
Sand Cloud,https://www.iGive.com/sand-cloud,0.8%
Sandisk,https://www.iGive.com/sandisk,2.0%
SaturdaysNYC,https://www.iGive.com/saturdaysnyc,2.8%
Satya Jewelry,https://www.iGive.com/satya,2.4%
Savage X Fenty,https://www.iGive.com/savage,Special Rate
Savearound,https://www.iGive.com/savearound,2.8%
SaySo Rewards,https://www.iGive.com/saysoforgood,Special Rate
Scandinavian Designs,https://www.iGive.com/scandinavian-designs,1.2%
Scent Box,https://www.iGive.com/scent-box,Special Rate
Scholastic -The Teacher Store,https://www.iGive.com/scholastic-teacher-express,1.2%
Scholastic Store,https://www.iGive.com/scholastic-store,1.2%
Schwinn Fitness,https://www.iGive.com/schwinn,2.0%
Scotch Porter,https://www.iGive.com/scotch-porter,2.0%
Scribendi,https://www.iGive.com/scribendi,4.0%
Sea New York,https://www.iGive.com/sea-new-york,4.0%
Sealy,https://www.iGive.com/sealy,2.4%
Sears PartsDirect,https://www.iGive.com/searspartsdirect,1.6%
SeatGeek,https://www.iGive.com/seatgeek,0.4%
Sebastian Cruz Couture,https://www.iGive.com/sebastian-cruz,4.0%
Send Flowers,https://www.iGive.com/send-flowers,3.2%
Sennheiser,https://www.iGive.com/en-us.sennheiser,2.4%
Sensational Beginnings,https://www.iGive.com/sensational-beginnings,2.4%
Sephora,https://www.iGive.com/sephora,2.0%
Sephora Canada,https://www.iGive.com/sephor,2.0%
Setapp,https://www.iGive.com/setapp,Special Rate
SewCal Masks,https://www.iGive.com/SewCal,4.0%
Shambhala Publications,https://www.iGive.com/courses.shambhala,4.0%
Shapellx,https://www.iGive.com/shapellx,3.2%
Shari's Berries,https://www.iGive.com/berries,1.2%
Sharper Image,https://www.iGive.com/sharperimage,0.8%
Sheet World,https://www.iGive.com/sheet-world,3.2%
SheetMusicPlus,https://www.iGive.com/sheet-music-plus,0.8%
SheIn,https://www.iGive.com/shein,6.0%
Shelving,https://www.iGive.com/shelving,2.8%
Shiekh Shoes,https://www.iGive.com/shiekh,1.6%
Shinola,https://www.iGive.com/shinola,2.4%
Shipito,https://www.iGive.com/shipito,Special Rate
ShipStation,https://www.iGive.com/ship-station,Special Rate
Shipt,https://www.iGive.com/shipt,4.0%
Shiseido,https://www.iGive.com/shiseido,1.2%
SHOEBACCA,https://www.iGive.com/shoebacca,2.4%
ShoeDazzle,https://www.iGive.com/shoedazzle,Special Rate
ShoeMall,https://www.iGive.com/shoemall,1.6%
Shop WSS,https://www.iGive.com/shop-wss,2.8%
SHOP.COM,https://www.iGive.com/shop,0.4%
Shoplet,https://www.iGive.com/shoplet,1.2%
Showers Pass,https://www.iGive.com/showers-pass,0.6%
Shu Uemura,https://www.iGive.com/shu-uemura-art-of-hair,2.4%
Shu Uemura Canada,https://www.iGive.com/Shu-Uemura-Canada,2.4%
Shutterfly,https://www.iGive.com/accounts.shutterfly,0.8%
ShuttleFinder,https://www.iGive.com/shuttlefinder,8.0%
Sierra Designs,https://www.iGive.com/sierra-designs,2.4%
Silkcut Underwear,https://www.iGive.com/silkcut,4.0%
Silver Cuisine by Bistro MD,https://www.iGive.com/silver-cuisine,2.0%
Silver Jeans,https://www.iGive.com/silver-jeans,1.6%
SimpleTire,https://www.iGive.com/simple-tire,0.8%
Sisley Paris,https://www.iGive.com/sisley-paris,2.0%
Siwy Denim,https://www.iGive.com/siwydenim,4.0%
Sixity Auto,https://www.iGive.com/sixity-auto,1.0%
Sizzlefish,https://www.iGive.com/sizzlefish,1.2%
Sleeping Baby,https://www.iGive.com/sleeping-baby,2.4%
Slumberjack,https://www.iGive.com/slumberjack,2.4%
SmallFlower.com,https://www.iGive.com/smallflower,4.0%
Smart For Life,https://www.iGive.com/smart-for-life,2.8%
Smarter Nutrition,https://www.iGive.com/smarter-nutrition,2.4%
SmartWool,https://www.iGive.com/smartwool,1.6%
Snapfish,https://www.iGive.com/new.snapfish,0.4%
Snipes,https://www.iGive.com/ Snipes,0.4%
Sobelia,https://www.iGive.com/sobelia,0.4%
Sol CBD,https://www.iGive.com/sol-cbd,8.0%
Solgaard,https://www.iGive.com/solgaar,3.2%
Solid & Striped,https://www.iGive.com/solid-and-striped,2.8%
Solight Design,https://www.iGive.com/solight,4.0%
Soma Intimates,https://www.iGive.com/soma,1.6%
SONY,https://www.iGive.com/sony,1.2%
Sorel,https://www.iGive.com/Sorel,1.6%
Soul Poles,https://www.iGive.com/soul-poles,3.2%
Southern Kitchen,https://www.iGive.com/southern-kitchen,1.6%
SpaFinder,https://www.iGive.com/spafinder,2.4%
SpaFinder CA,https://www.iGive.com/spafinder-ca,2.4%
SPC Pets,https://www.iGive.com/spc-pets,3.2%
Speedo,https://www.iGive.com/speedo,4.0%
Spencer Barnes,https://www.iGive.com/spencer-barnes,1.2%
Spencer's,https://www.iGive.com/spencer-gifts,0.8%
Sperry Top-Sider,https://www.iGive.com/sperry,2.8%
SpineAlign,https://www.iGive.com/spine-align,1.6%
SpinLife,https://www.iGive.com/spin-life,1.6%
SpiritHalloween,https://www.iGive.com/Spirit-Halloween,0.8%
Splendid,https://www.iGive.com/splendid,1.6%
Spokeo,https://www.iGive.com/spokeo,Special Rate
SportChek,https://www.iGive.com/sport-chek,0.8%
Spot & Tango,https://www.iGive.com/spot-and-tango,Special Rate
Spy Associates: GPS Tracking & Surveillance Tools,https://www.iGive.com/spy-associates,2.4%
Spy Optic,https://www.iGive.com/spy-optic,1.2%
St. Frank,https://www.iGive.com/st-frank,2.0%
Stacy Adams,https://www.iGive.com/stacy-adams,2.0%
Staples Print & Marketing Services,https://www.iGive.com/design.staples,2.4%
Staples.com,https://www.iGive.com/staples,1.6%
Station Casinos,https://www.iGive.com/sclv,2.0%
Stearns & Foster,https://www.iGive.com/stearns-foster,2.4%
SteelSeries,https://www.iGive.com/steelseries,2.0%
Sterling Forever,https://www.iGive.com/sterling-forever,2.4%
Steve Madden,https://www.iGive.com/steve-madden,2.4%
StickerGiant,https://www.iGive.com/stickergiant,2.0%
StickerYou,https://www.iGive.com/sticker-you,2.0%
Stila Cosmetics,https://www.iGive.com/stila-cosmetics,2.4%
Stio,https://www.iGive.com/stio,2.4%
StockX,https://www.iGive.com/stockx,0.8%
Stonewall Kitchen,https://www.iGive.com/stonewall,1.2%
Stop Aging Now,https://www.iGive.com/stop-aging-now,0.4%
Stop and Shop,https://www.iGive.com/stopandshop,Special Rate
Strainz,https://www.iGive.com/strainz,8.0%
StrawberryNET,https://www.iGive.com/strawberry-net,2.0%
Stride Rite,https://www.iGive.com/stride-rite,0.4%
StubHub,https://www.iGive.com/stubhub,1.6%
Stylin' Trucks,https://www.iGive.com/stylin-trucks,2.4%
Sugarfina,https://www.iGive.com/sugarfina,2.0%
Sulina Shop,https://www.iGive.com/sulina-shop,2.4%
Sulwhasoo,https://www.iGive.com/sulwhasoo,1.2%
Sumo Lounge,https://www.iGive.com/sumo-lounge,2.0%
Sunbeam,https://www.iGive.com/sunbeam,2.4%
Sunglass Hut,https://www.iGive.com/Sunglass-Hut,2.4%
Sunny Sports,https://www.iGive.com/sunnysports,2.0%
SUPCASE,https://www.iGive.com/supcase,3.2%
Super Cheap Signs,https://www.iGive.com/supercheapsigns,3.2%
Super Chewer,https://www.iGive.com/super-chewer,Special Rate
SuperSmart,https://www.iGive.com/supersmart,4.0%
SuperStar.com,https://www.iGive.com/superstar,2.8%
SuppliesOutlet,https://www.iGive.com/supplies-outlet,1.2%
Supreme Suspensions,https://www.iGive.com/supreme-suspensions,2.0%
Sur La Table,https://www.iGive.com/surlatable,1.6%
Surfshark,https://www.iGive.com/surf-shark,16.0%
Suzy Shier,https://www.iGive.com/suzy-shier,0.8%
Swanson Health,https://www.iGive.com/swanson,1.2%
T3 Micro,https://www.iGive.com/t3micro,1.6%
TagUnder,https://www.iGive.com/tagunder,3.2%
Talbots,https://www.iGive.com/talbots,0.8%
TalkSpace,https://www.iGive.com/talkspace,Special Rate
Tanga,https://www.iGive.com/tanga,2.0%
Taos Footwear,https://www.iGive.com/taos,6.0%
TAP Air Portugal,https://www.iGive.com/flytap,0.4%
Tarte,https://www.iGive.com/tarte,1.6%
tasc Performance,https://www.iGive.com/tasc,2.0%
Tatcha,https://www.iGive.com/tatcha,1.6%
Tate's Bake Shop,https://www.iGive.com/tates-bake-shop,3.2%
Tech For Less,https://www.iGive.com/tech-for-less,2.0%
Teleflora Flowers,https://www.iGive.com/teleflora,2.0%
Temptu,https://www.iGive.com/temptu,1.6%
Tempur-Pedic,https://www.iGive.com/tempur-pedic,2.4%
TerraCycle,https://www.iGive.com/shop.terracycle,1.2%
Teva Footwear,https://www.iGive.com/teva,1.6%
The Animal Rescue Site Store,https://www.iGive.com/animalrescuesite,0.8%
The Body Shop,https://www.iGive.com/body-shop,2.4%
The Catholic Company,https://www.iGive.com/catholic-company,3.2%
The Children's Place,https://www.iGive.com/thechildrensplace,1.2%
The Company Store,https://www.iGive.com/the-company-store,0.8%
The Container Store,https://www.iGive.com/container-store,0.8%
The Elephant Project,https://www.iGive.com/elephant-project,4.0%
The Fruit Company,https://www.iGive.com/the-fruit-company,1.2%
The Gallery Collection,https://www.iGive.com/gallery-collection,1.6%
The Gift Basket Store,https://www.iGive.com/gift-basket-store,2.4%
The Great Courses,https://www.iGive.com/great-courses,2.0%
The Literacy Site,https://www.iGive.com/literacy-site,0.8%
The MET Store,https://www.iGive.com/store.metmuseum,2.0%
The Motley Fool Canada,https://www.iGive.com/foo,Special Rate
The Outnet,https://www.iGive.com/the-outnet,1.2%
The Paisley Box,https://www.iGive.com/paisley-box,4.0%
The Perfect Rug,https://www.iGive.com/the-perfect-rug,3.2%
The Prisoner Wine Company,https://www.iGive.com/prisoner-wine-co,3.2%
The Royal Mint,https://www.iGive.com/royalmint,0.4%
The Shade Store,https://www.iGive.com/shade-store,0.8%
The Shelving Store,https://www.iGive.com/shelving-store,2.8%
The Sportsman's Guide,https://www.iGive.com/sportsmans-guide,2.0%
The Stitchery,https://www.iGive.com/stitchery,2.0%
The Supplies Shops,https://www.iGive.com/suppliesshops,0.4%
Theo & George,https://www.iGive.com/theo-and-george,2.8%
Thomas Earnshaw,https://www.iGive.com/thomas-earnshaw,4.0%
Thorlos,https://www.iGive.com/thorlo,2.4%
Threads 4 Thought,https://www.iGive.com/threads-for-thought,1.2%
Ticket Liquidator,https://www.iGive.com/ticket-liquidator,2.8%
TicketNetwork,https://www.iGive.com/ticket-network,1.6%
TicketSmarter,https://www.iGive.com/ticket-smarter,2.4%
Tiger Direct,https://www.iGive.com/tigerdirect,0.8%
Tilly's,https://www.iGive.com/tillys,0.8%
Timex,https://www.iGive.com/timex,0.4%
Tire Agent,https://www.iGive.com/tire-agent,1.6%
Tire Rack,https://www.iGive.com/m.tirerack,1.2%
TireBuyer,https://www.iGive.com/tire-buyer,2.4%
TireMart,https://www.iGive.com/bestusedtires,3.2%
Tkees,https://www.iGive.com/tkees,1.6%
Toast!,https://www.iGive.com/alwaystoast,4.0%
Tom & Sheri's Products,https://www.iGive.com/tom-and-sheri,2.4%
TomboyX,https://www.iGive.com/tomboyx,1.6%
Tommy Hilfiger,https://www.iGive.com/usa.tommy,0.8%
Tommy John,https://www.iGive.com/tommy-john,0.8%
TOMS Shoes,https://www.iGive.com/toms,2.0%
Ton-Up Clothing,https://www.iGive.com/ton-up,4.0%
Tools Today,https://www.iGive.com/tools-today,0.4%
Topman,https://www.iGive.com/topman,1.2%
Total Diabetes Supply,https://www.iGive.com/total-diabetes-supply,1.6%
Total Gym Direct,https://www.iGive.com/total-gym,2.0%
Total Tea,https://www.iGive.com/total-tea,4.0%
Tractive,https://www.iGive.com/tractive,8.0%
Tractor Supply Company,https://www.iGive.com/tractor-supply,2.4%
Transcend Labs,https://www.iGive.com/transcend-labs,10.0%
Travelocity.ca,https://www.iGive.com/travelocit,0.8%
Travelocity.com,https://www.iGive.com/travelocity,0.8%
TravisMathew,https://www.iGive.com/travis-mathew,1.2%
Tremendous Parfum,https://www.iGive.com/perfume-spot,2.0%
Trend Micro,https://www.iGive.com/trend-micro,8.0%
Trip.com,https://www.iGive.com/pages-trip,0.4%
Tripadvisor,https://www.iGive.com/trip-advisor,3.6%
Tropical Oasis,https://www.iGive.com/tropical-oasis,4.0%
Troy-Bilt,https://www.iGive.com/troy-bilt,1.6%
True Religion,https://www.iGive.com/True-Religion,2.0%
Trust & Will,https://www.iGive.com/trust-and-will,6.0%
Tundra FMP,https://www.iGive.com/etundra,2.0%
TunnelBear,https://www.iGive.com/tunnelbear,Special Rate
TVC-Mall.com,https://www.iGive.com/tvc-mall,3.4%
Twillory,https://www.iGive.com/twillory,1.6%
U Beauty,https://www.iGive.com/theubeauty,2.0%
U.S. Polo Assn.,https://www.iGive.com/uspolo,1.6%
UGears,https://www.iGive.com/ugear,2.8%
UGG,https://www.iGive.com/ugg,0.8%
UnbeatableSale,https://www.iGive.com/unbeatable-sale,4.8%
UNIONBAY,https://www.iGive.com/unionbay,2.0%
Unique Wellness,https://www.iGive.com/unique-wellness,2.8%
Unique-Vintage,https://www.iGive.com/unique-vintage,3.2%
Universal Standard,https://www.iGive.com/universalstandard,1.6%
Uniworld,https://www.iGive.com/uniworld,2.0%
Unstoppable Domains,https://www.iGive.com/get.unstoppabledomains,8.0%
Urban Skin Rx,https://www.iGive.com/urbanskinrx,2.4%
UrbanStems,https://www.iGive.com/urbanstems,0.8%
USA TODAY Network,https://www.iGive.com/cm.usatodaynetwork,Special Rate
UsedPhotoPro,https://www.iGive.com/used-photo-pro,1.2%
Utrecht Art Supplies,https://www.iGive.com/utrecht-art,1.2%
V4INK,https://www.iGive.com/v4ink,7.2%
Vanity Planet,https://www.iGive.com/vanity-planet,2.0%
Vans Shoes,https://www.iGive.com/vans,0.8%
VaporFi,https://www.iGive.com/vaporfi,4.0%
Vegamour,https://www.iGive.com/vegamour,2.0%
Vegas.com,https://www.iGive.com/vegas,0.8%
Vera Bradley,https://www.iGive.com/outlet.verabradley,1.2%
Verizon Wireless,https://www.iGive.com/Verizon-Wireless,4.0%
Veronica Beard,https://www.iGive.com/Veronica-Beard,1.2%
Versed,https://www.iGive.com/versed,2.4%
Veterans Advantage,https://www.iGive.com/veterans-advantage,Special Rate
Vevor,https://www.iGive.com/vevor,1.2%
"Viator, a Tripadvisor Company",https://www.iGive.com/viator,1.6%
Vichy Canada,https://www.iGive.com/vich,2.4%
VIDA,https://www.iGive.com/shopvida,2.0%
VINCE,https://www.iGive.com/vince,2.4%
Vince Camuto,https://www.iGive.com/vince-camuto,3.6%
Vineyard Vines,https://www.iGive.com/vineyard-vines,1.2%
Vintage Havana,https://www.iGive.com/vintage-havana,4.0%
Visible,https://www.iGive.com/visible,Special Rate
Vistaprint,https://www.iGive.com/vistaprint,1.6%
Vistaprint Canada,https://www.iGive.com/vistaprin,1.6%
Vital Choice Wild Seafood & Organics,https://www.iGive.com/vital-choice,1.2%
VitalSleep,https://www.iGive.com/vitalsleep,6.0%
Vitamix,https://www.iGive.com/vitamix,2.0%
Vive CBD,https://www.iGive.com/vive-cbd,9.2%
Vivid Seats,https://www.iGive.com/vivid-seats,1.6%
VIVOSUN,https://www.iGive.com/vivosun,3.2%
ViX Swimwear,https://www.iGive.com/vix-swimwear,0.8%
VoiPly,https://www.iGive.com/voiply,Special Rate
Volcanica Coffee,https://www.iGive.com/volcanica--coffee,2.0%
Volcom,https://www.iGive.com/volcom,4.0%
Vrbo,https://www.iGive.com/vrbo,0.8%
Vrbo CA,https://www.iGive.com/Vrbo-Canada,0.8%
VSP,https://www.iGive.com/vsp,Special Rate
VSSL Outdoor Utility Tools,https://www.iGive.com/vssl-outdoor-utility-tools,2.0%
W concept,https://www.iGive.com/us.wconcept,3.2%
Waders.com,https://www.iGive.com/waders,3.2%
WagJag,https://www.iGive.com/wagjag,2.0%
Waldorf Astoria,https://www.iGive.com/waldorf-astoria,1.6%
Walgreens,https://www.iGive.com/walgreens,1.6%
Walk-In Lab,https://www.iGive.com/walk-in-lab,2.0%
Walmart,https://www.iGive.com/walmart,Special Rate
Walmart Canada,https://www.iGive.com/walmar,0.4%
Wantable,https://www.iGive.com/wantable,Special Rate
Watch Station International,https://www.iGive.com/watch-station-international,0.4%
WaterFilters.net,https://www.iGive.com/water-filters,1.2%
Waterford Crystal,https://www.iGive.com/waterford,2.4%
Way.com (Parking),https://www.iGive.com/way,2.8%
We Craft Box,https://www.iGive.com/we-craft-box,4.0%
Webroot Software,https://www.iGive.com/webroot,2.0%
Wedgwood,https://www.iGive.com/wedgwood,2.4%
WeightWatchers,https://www.iGive.com/signup.weightwatchers,Special Rate
WeightWatchers.ca,https://www.iGive.com/weight-watchers-ca,Special Rate
Welry,https://www.iGive.com/jewelry,2.0%
West49,https://www.iGive.com/west49,1.2%
Wet n Wild Beauty,https://www.iGive.com/wetnwild,2.4%
Whatever Works,https://www.iGive.com/whatever-works,2.0%
White + Warren,https://www.iGive.com/white-warren,2.4%
White House | Black Market,https://www.iGive.com/white-house,1.6%
White Mountain Products,https://www.iGive.com/white-mountain-products,2.4%
Wholesale Chess,https://www.iGive.com/wholesale-chess,2.4%
Wicked Good Cupcakes,https://www.iGive.com/wicked-good-cupcakes,2.4%
Willmaker,https://www.iGive.com/willmaker,10.0%
WillowTree,https://www.iGive.com/willowtree,2.0%
Wilson Sporting Goods,https://www.iGive.com/wilson,1.6%
Wilsons Leather,https://www.iGive.com/wilsons-leather,2.8%
Winc,https://www.iGive.com/winc,4.0%
Windsor,https://www.iGive.com/windsor,1.6%
Windy City Novelties,https://www.iGive.com/windy-city,3.2%
Wine Access,https://www.iGive.com/wine-access,0.8%
Wine Awesomeness,https://www.iGive.com/wine-awesomeness,3.2%
Wine Enthusiast,https://www.iGive.com/Wine-Enthusiast,1.2%
Wine Insiders,https://www.iGive.com/wine-insiders,Special Rate
Wine.com,https://www.iGive.com/wine,0.8%
Winky Lux,https://www.iGive.com/winky-lux,3.2%
Wish,https://www.iGive.com/wish,1.6%
WishGarden Herbs,https://www.iGive.com/wishgarden,0.8%
WND&WVS,https://www.iGive.com/wnd-wvs,2.4%
Wolfermans,https://www.iGive.com/wolfermans,1.2%
Wolters Kluwer Legal & Regulatory US,https://www.iGive.com/wolters-kluwer,4.0%
Woodwind & Brasswind,https://www.iGive.com/woodwind-brasswind,2.0%
Wooflinen,https://www.iGive.com/wooflinen,5.2%
World Nutrition Inc.,https://www.iGive.com/world-nutrition,8.0%
World Wide Stereo,https://www.iGive.com/world-wide-stereo,1.2%
Wrangler,https://www.iGive.com/wrangler,0.8%
Xfinity Mobile,https://www.iGive.com/xfinity,Special Rate
Xtrema,https://www.iGive.com/xtrema,2.0%
Yaasa,https://www.iGive.com/yaasa,2.4%
YOOX.COM,https://www.iGive.com/yoox,1.2%
YOSUDA,https://www.iGive.com/yosuda,2.0%
Young Explorers,https://www.iGive.com/young-explorers,2.0%
YSL Beauty Canada,https://www.iGive.com/ysl-beauty-canada,1.6%
Yumi Kim,https://www.iGive.com/yumi-kim,1.6%
ZAGG,https://www.iGive.com/zagg,2.4%
Zappos,https://www.iGive.com/zappos,0.8%
Zavvi,https://www.iGive.com/zavvi,0.4%
ZOBHA,https://www.iGive.com/zobha,3.2%
Zoro,https://www.iGive.com/zoro,1.6%
Zotto Sleep,https://www.iGive.com/zotto,2.0%
